Time,HomeAway,Visitors,Opponent,Score,Diff,WinLose,Streak,Pace,Ortg,DRtg
2016/9/22,A,"9,132",Aìåãû,75.8,-5,0,-1,80.9,92.7,98.9
2016/9/23,A,"9,461",Aìåãû,53.74,-21,0,-2,73.8,71.8,100.3
2016/10/1,H,"3,520",é†âÍ,59.56,3,1,1,66.5,88.8,84.3
2016/10/2,H,"3,546",é†âÍ,77.49,28,1,2,67.3,114.5,72.8
2016/10/8,H,"3,167",éOâÕ,69.89,-20,0,-1,69.5,99.3,128.1
2016/10/9,H,"3,566",éOâÕ,75.67,8,1,1,68.4,109.7,98
2016/10/15,A,"1,492",ãûìs,81.74,7,1,2,77.2,104.9,95.8
2016/10/16,A,"1,670",ãûìs,83.81,2,1,3,74.4,111.5,108.9
2016/10/22,H,"3,426",ñºå√âÆD,71.58,13,1,4,76.2,93.1,76.1
2016/10/23,H,"3,591",ñºå√âÆD,64.69,-5,0,-1,69.2,92.5,99.8
2016/10/30,A,"1,902",é†âÍ,84.75,9,1,1,74.4,112.9,100.8
2016/10/31,A,"2,288",é†âÍ,60.76,-16,0,-1,75.8,79.2,100.2
2016/11/5,H,"3,094",ëÂç„,57.96,-39,0,-2,77.6,73.5,123.7
2016/11/6,H,"2,960",ëÂç„,85.86,-1,0,-3,82.8,102.7,103.9
2016/11/19,A,"4,240",ñºå√âÆD,74.66,8,1,1,78.6,94.2,84
2016/11/20,A,"4,631",ñºå√âÆD,70.78,-8,0,-1,74.6,93.8,104.6
2016/11/23,H,"3,350",ãûìs,54.69,-15,0,-2,68.2,79.2,101.2
2016/11/26,A,"2,133",éOâÕ,88.1,-12,0,-3,79.5,110.7,125.8
2016/11/27,A,"2,720",éOâÕ,86.92,-6,0,-4,75.6,113.8,121.7
2016/12/2,A,"1,638",êÂë‰,104.83,21,1,1,78,133.4,106.5
2016/12/3,A,"2,418",êÂë‰,73.67,6,1,2,78.8,92.7,85
2016/12/10,H,"3,391",ì»ñÿ,69.8,-11,0,-1,77.7,88.8,103
2016/12/11,H,"3,382",ì»ñÿ,71.78,-7,0,-2,77.7,91.4,100.4
2016/12/17,A,"2,499",ëÂç„,67.76,-9,0,-3,75.6,88.6,100.5
2016/12/18,A,"2,941",ëÂç„,81.91,-10,0,-4,71.6,113.2,127.2
2016/12/24,H,"3,519",èHìc,96.83,13,1,1,74.7,114.3,98.8
2016/12/25,H,"3,591",èHìc,74.79,-5,0,-1,67.5,97.5,104.1
2016/12/30,A,"3,608",ñkäCìπ,98.79,19,1,1,73,134.3,108.3
2016/12/31,A,"2,637",ñkäCìπ,76.74,2,1,2,76.1,99.8,97.2
2017/1/18,H,"3,112",ãûìs,70.66,4,1,3,75.4,92.8,87.5
2017/1/21,A,"2,405",ïxéR,87.88,-1,0,-1,80.3,108.3,109.5
2017/1/22,A,"2,103",ïxéR,70.92,-22,0,-2,78.2,89.5,117.7
2017/1/28,H,"3,211",êVäÉ,74.82,-8,0,-3,73.9,100.1,110.9
2017/1/29,H,"3,255",êVäÉ,77.74,3,1,1,75.3,102.3,98.3
2017/2/4,A,"1,885",êÏçË,55.79,-24,0,-1,71.9,76.5,109.8
2017/2/5,A,"2,021",êÏçË,76.87,-11,0,-2,75.5,100.6,115.2
